Category; pages
Groups;25
General Icons; 28 to 29
Analytics;30 to 36
Application Integration;37 to 40
Artificial Intelligence;41 to 51
Blockchain;52 to 53
Business Applications;54 to 58
Cloud Financial Management;59 to 61
Compute;62 to 69
Contact Center;70 to 71
Containers;72 to 75
Customer Enablement; 76 to 78
Database;79 to 84
Developer Tools;85 to 90
End User computing; 91 to 92
Front-End Web & Mobile;93 to 94
Games;95 to 96
Internet of Things;97 to 103
Management & Governance;104 to 113
Media Services; 114 to 120
Migration &Modernization;121 to 124
Networking &Content Delivery; 125 to 131
Quantum Technologies; 132 to 133
Robotics;134 to 135
Satellite;136 to 137
Security, Identity,& Compliance;138 to 145
Serverless; 146
Storage;148 to 155

